Name,URL,Type,Status,Cadence,Last Mined,Notes
BBC Sound of 2026,https://www.officialcharts.com/chart-news/bbc-sound-of-2026-nominees/,Trade,Active,,2026-08-18,
Billboard,https://www.billboard.com/pro/major-label-viral-artist-signings-tiktok-cooling-off/,Trade,Active,,2026-08-18,
DIY Magazine — The Neu Bulletin,https://diymag.com/feature/the-neu-bulletin-sailor-honeymoon-the-cindys-june-mcdoom-and-more,Press,Active,,2026-08-18,
Grammy.com,https://www.grammy.com/news/2026-grammys-nominations-best-new-artist/,Trade,Active,,2026-08-18,
Hear Hear (Substack),https://hearhear.substack.com/p/7-rising-artists-to-know-in-2026,Newsletter,Active,,2026-08-18,
Notion Magazine — Undiscovered,https://notion.online/undiscovered-308-humble-the-great-pretty-sick-esme-emerson-starcleaner-reunion/,Press,Active,,2026-08-18,
One Write Music (Substack),https://onewritemusic.substack.com/archive,Newsletter,Active,,2026-08-18,
Pigeons and Planes,https://www.pigeonsandplanes.com/read/artists-to-watch-2026,Press,Active,,2026-08-18,
Popdust,https://www.popdust.com/artists-to-watch-2026,Press,Active,,2026-08-18,
Rolling Stone UK,https://www.rollingstone.co.uk/music/rolling-stone-uk-future-of-music-2026-full-list-61467/,Trade,Active,,2026-08-18,
SongsBrew — RADAR,https://songsbrew.com/radar,Press,Active,,2026-08-18,
Spotify Newsroom,https://newsroom.spotify.com/2026-01-12/artists-to-watch-2026/,Trade,Active,,2026-08-18,
Tuned Up,https://www.iamtunedup.com/tuned-ups-2026-breakout-artist-predictions/,Press,Active,,2026-08-18,
Variety,https://variety.com/2026/film/news/tate-mcrae-sombr-tyriq-withers-power-of-young-hollywood-1236810170/,Trade,Active,,2026-08-18,
music is to blame.,https://www.instagram.com/musicistoblame/,Instagram,Registered,,,Confirmed real and on-topic; not yet mined for artists.
Cassette Technologies,https://www.instagram.com/cassette.tech/,Instagram,Registered,,,Confirmed real and on-topic; not yet mined for artists.
grrrlmusic,https://www.instagram.com/grrrlmusic/,Instagram,Registered,,,Confirmed real and on-topic; not yet mined for artists.
Who Is Blank,https://www.instagram.com/whoisblankblog/,Instagram,Registered,,,Confirmed real and on-topic; not yet mined for artists.
Salt Lick Incubator,https://www.instagram.com/salt_lick_incubator/,Instagram,Registered,,,Confirmed real and on-topic; not yet mined for artists.
Off The Record w/ Isaiah,https://www.instagram.com/offtherecordwisaiah/,Instagram,Registered,,,Confirmed real and on-topic; not yet mined for artists.
LISTENWITHDAVID,https://www.instagram.com/listenwithdavid/,Instagram,Registered,,,Confirmed real and on-topic; not yet mined for artists.
WSJU Radio,https://www.instagram.com/wsjuradio/,Instagram,Registered,,,Confirmed real and on-topic; not yet mined for artists.
SongsBrew (Instagram),https://www.instagram.com/thesongsbrew/,Instagram,Registered,,,Confirmed real and on-topic; not yet mined for artists.
Indie Music News,https://indiemusic.news,Press,Registered,,,Confirmed real and on-topic; not yet mined for artists.
Under the Radar,https://www.undertheradarmag.com,Press,Registered,,,Confirmed real and on-topic; not yet mined for artists.
r/indieheads,https://www.reddit.com/r/indieheads/,Community,Registered,,,Confirmed real and on-topic; not yet mined for artists.
Stereogum,https://stereogum.com,Press,Registered,,,Confirmed real and on-topic; not yet mined for artists.
Indie Shuffle,https://www.indieshuffle.com,Press,Registered,,,Confirmed real and on-topic; not yet mined for artists.
IndiePulse Music,https://indiepulsemusic.com,Press,Registered,,,Confirmed real and on-topic; not yet mined for artists.
The Indie Scene,https://www.theindiescene.co.uk,Press,Registered,,,Confirmed real and on-topic; not yet mined for artists.
triflingfool (Substack),https://substack.com/@triflingfool,Newsletter,Registered,,,Confirmed real and on-topic; not yet mined for artists.
The Discover Tab (Substack),https://substack.com/@thediscovertab,Newsletter,Registered,,,Confirmed real and on-topic; not yet mined for artists.
musicben (Substack),https://substack.com/@musicben,Newsletter,Registered,,,Confirmed real and on-topic; not yet mined for artists.
Gnoosic (via Offline Crush),https://offlinecrush.substack.com/i/162210426/gnoosic,Newsletter,Registered,,,Confirmed real and on-topic; not yet mined for artists.
Radio Garden (via Offline Crush),https://offlinecrush.substack.com/i/162210426/radio-garden,Newsletter,Registered,,,Confirmed real and on-topic; not yet mined for artists.
Poolsuite (via Offline Crush),https://offlinecrush.substack.com/i/162210426/poolsuite,Newsletter,Registered,,,Confirmed real and on-topic; not yet mined for artists.
Radiooooo (via Offline Crush),https://offlinecrush.substack.com/i/162210426/radiooooo,Newsletter,Registered,,,Confirmed real and on-topic; not yet mined for artists.
Musicmap (via Offline Crush),https://offlinecrush.substack.com/i/162210426/musicmap,Newsletter,Registered,,,Confirmed real and on-topic; not yet mined for artists.
Every Noise at Once (via Offline Crush),https://offlinecrush.substack.com/i/162210426/everynoise,Newsletter,Registered,,,Confirmed real and on-topic; not yet mined for artists.
